,C,best_mod_test,best_mod_train,nb_feat,test_score_max
0,0.1,0.7205882352941176,0.7466666666666667,6,0.7466920101373885
