,pain,abdominal_dist,peristalsis,rectal_temp,respiration,cell_vol,pulse,protein,mucous,extreme_temp,capillary_time,age
rank,1.0,2.0,3.0,4.0,5.0,6.0,7.0,8.0,9.0,10.0,11.0,12.0
coef,0.44284005953838573,0.13420883516565874,0.3077618080774003,-0.08512158348094113,0.02759618051161042,0.01191460542025988,,,,,,
