,pain,abdominal_dist,peristalsis,rectal_temp,respiration,cell_vol,pulse,protein,mucous,extreme_temp,capillary_time,age
rank,1.0,2.0,3.0,4.0,5.0,6.0,7.0,8.0,9.0,10.0,11.0,12.0
coef,0.44285635086805303,0.1341875524614817,0.3077829087528354,-0.08512178591608198,0.027595028490956967,0.011914655036246745,,,,,,
