,pain,abdominal_dist,peristalsis,rectal_temp,respiration,cell_vol,pulse,protein,mucous,extreme_temp,capillary_time,age
rank,1.0,2.0,3.0,4.0,5.0,6.0,7.0,8.0,9.0,10.0,11.0,12.0
coef,0.4428558044552989,0.13419870413826523,0.30775670276997225,-0.08512254309007683,0.027595626899659505,0.011916069668424683,,,,,,
